state,city,latitude,longitude
OH,Alvada,41.0503322,-83.4018693
TN,Antioch,36.0600602,-86.6722192
NH,Auburn,43.0045289,-71.348398
ME,Baileyville,45.1549515,-67.4050134
FL,Baker,30.7972254,-86.681691
NH,Barrington,43.223191,-71.047211
MS,Belden,34.3103831,-88.7883888
PA,Bensalem,40.1045549,-74.951279
MA,Berlin,42.3813665,-71.6372642
LA,Bethany,32.3737683,-94.0379649
PA,Blakeslee,41.0925133,-75.5926681
MO,Bois D Arc,37.2564382,-93.507696
NH,Bow,43.133061,-71.549149
MA,Boylston,42.353279,-71.7343582
CT,Branford,41.2795414,-72.8150989
PA,Breezewood,39.9990119,-78.2404221
MA,Bridgewater,41.9902206,-70.9754432
PA,Brogue,39.8723546,-76.4846387
NY,Bronx,40.8466508,-73.8785937
ME,Brownville,45.3499664,-69.0513851
ME,Canaan,44.7630602,-69.5596522
NY,Canaan,42.4118426,-73.4496088
NH,Candia,43.077916,-71.277237
NC,Candler,35.5444359,-82.6838032
CO,Canon City,38.4422506,-105.2348795
MI,Canton,32.612602,-90.0367512
NM,Casa Blanca,35.046318,-107.4713938
MI,Casco,42.7525317,-82.6715845
NY,Castle Creek,42.2275753,-75.918253
NY,Cayuta,42.2817412,-76.6968945
TN,Cedar Grove,36.2517196,-86.5277724
MI,Champion,46.5138246,-87.9634679
TX,Chappell Hill,30.141529,-96.2567185
MA,Charlton,42.1340806,-71.9698085
NJ,Cherry Hill,39.9348351,-75.0307264
VA,Chesterfield,37.3777927,-77.5046698
VA,Clear Brook,39.2564912,-78.096111
NY,Clifton Park,42.8630374,-73.7747623
NM,Clines Corners,35.0094982,-105.66918
NC,Colfax,36.1126365,-80.0144842
WI,Colgate,43.1928301,-88.2067737
ME,Corinth,45.0037427,-69.0234445
VA,Cross Junction,39.3203785,-78.2933382
MD,Curtis Bay,39.2252188,-76.5900312
CT,Darien,41.0787079,-73.4692873
TN,Denmark,35.5328546,-89.003952
VT,Derby,44.9474125,-72.1339323
OH,Diamond,41.0989463,-81.022871
VA,Doswell,37.8601402,-77.4641492
VA,Drewryville,36.7157055,-77.3063603
PA,Drums,41.018139,-75.9949252
CO,Dumont,39.7646887,-105.600337
IL,Dundee,42.0989145,-88.2714689
NJ,East Brunswick,40.4278841,-74.415984
CT,East Granby,41.9418011,-72.7275015
CT,East Lyme,41.3482141,-72.2092951
CT,East Windsor,41.9156394,-72.6129917
AL,Eastaboga,33.6059367,-86.0213587
NJ,Edison,40.5005351,-74.3983939
IL,Edwards,40.7458704,-89.7442697
NJ,Elizabethport,40.6501031,-74.1870888
GA,Ellabell,32.1235368,-81.4856673
GA,Ellenwood,33.6101096,-84.287978
AL,Fackler,34.7925827,-85.9099775
NJ,Fairfield,40.8837238,-74.3068718
PA,Feasterville Trevose,40.1484058,-74.9934733
VT,Ferrisburgh,44.2057119,-73.2462973
GA,Fortson,33.3778914,-84.2888119
WI,Franksville,42.7600188,-87.9134133
NY,Gansevoort,43.1962051,-73.6513967
VA,Gladstone,37.5468094,-78.8494619
KY,Glendale,37.6017278,-85.9055189
NY,Glenmont,42.604802,-73.7695658
ND,Grassy Butte,47.3925145,-103.2479655
NH,Greenland,43.0361995,-70.8328322
PA,Greentown,41.321755,-75.3054585
IN,Grovertown,41.3750434,-86.5047339
VA,Gum Spring,37.7755262,-77.8968114
NC,Hamptonville,36.0984684,-80.760345
TX,Hankamer,29.8582755,-94.6268618
NY,Harpursville,42.1784124,-75.6246298
TN,Hartford,35.8167646,-83.1432066
TN,Heiskell,36.081816,-84.0539821
VA,Henrico,37.6294756,-77.5189032
NY,Henrietta,43.0611781,-77.6338983
NY,Hogansburg,44.9739364,-74.6632416
ME,Holden,44.7528499,-68.6789218
AL,Hope Hull,32.2698632,-86.3571916
MD,Hunt Valley,39.4922608,-76.6589528
TN,Hurricane Mills,35.9711736,-87.781969
NY,Irving,42.5675589,-79.1128169
AL,Irvington,30.5068623,-88.2338925
KY,Isom,37.1878764,-82.8987718
WV,Ivydale,38.310097,-81.7045688
NV,Jean,35.7788568,-115.3243823
TN,Joelton,36.3131076,-86.8652772
SC,Johns Island,32.69485,-80.03425
RI,Johnston,41.8310404,-71.5412101
WV,Kearneysville,39.3881556,-77.8855516
AL,Knoxville,33.5917715,-85.8971885
TN,Kodak,35.9745323,-83.6268396
PA,Lake Ariel,41.4539745,-75.382681
VA,Lambsburg,36.5854078,-80.7611817
MA,Lancaster,42.4431437,-71.6852823
VA,Lanexa,37.4237573,-76.9010753
WI,Larsen,44.1916501,-88.623999
MS,Lawrence,32.3251443,-89.2328394
SC,Leesville,33.916532,-81.5134368
TX,Lenorah,32.30456,-101.8762483
NY,Lewis,44.275196,-73.565826
ME,Liberty,44.3927438,-69.3074579
NC,Linwood,35.7506938,-80.3178306
NY,Livingston,42.1419941,-73.7784607
SC,Longs,33.9385274,-78.7330522
MA,Ludlow,42.1589979,-72.4803259
CT,Madison,41.2794282,-72.5983151
UT,Magna,40.7031629,-112.081648
NJ,Mahwah,41.0887072,-74.1437552
TX,Maxwell,29.881897,-97.7956423
ME,Medway,45.6089427,-68.5308623
NH,Merrimack,42.8665376,-71.4936642
PA,Middlebury Center,41.8436841,-77.2744202
KY,Middlesboro,36.6072968,-83.7143317
MI,Middleton,43.1833659,-84.7088895
GA,Midland,32.5748608,-84.827152
MA,Millbury,42.1913817,-71.7603934
CT,Milldale,41.5661372,-72.8999672
MD,Millersville,39.0595542,-76.6480219
MT,Milltown,46.8712952,-113.8817192
NV,Moapa,36.6673648,-114.584977
NJ,Monroe Township,40.335756,-74.4334464
PA,Monroeton,41.7125751,-76.4746649
NJ,Montague,41.3031498,-74.7934993
NY,Montezuma,43.010065,-76.7032833
NJ,Mount Holly,39.9928898,-74.7876624
NJ,Mount Laurel,39.934002,-74.8909988
WV,Mount Nebo,39.6023047,-79.7078303
MA,Natick,42.2836393,-71.346996
MI,New Boston,42.1625408,-83.4029885
NY,New Hampton,41.4098658,-74.4117435
MD,Newburg,38.3773478,-76.9533055
MI,Newport,42.0022672,-83.3085419
MA,Newton Lower Falls,42.3258005,-71.2563409
NJ,North Bergen,40.8042674,-74.012084
MA,North Billerica,42.5852621,-71.2877645
NJ,North Brunswick,40.4539249,-74.476545
OH,North Jackson,41.1001272,-80.8571741
MA,North Oxford,42.1500947,-71.8684054
CT,North Stonington,41.4411845,-71.8812698
NH,Northwood,43.194664,-71.151581
MD,Nottingham,39.3639964,-76.4521842
TX,Orla,31.8250149,-103.9090099
MI,Ottawa Lake,41.7641517,-83.7493869
TX,Pecos,31.4254143,-103.4952894
KY,Pendleton,38.4622879,-85.3035678
NJ,Pennsauken,39.9562238,-75.0579502
TN,Pioneer,36.4175798,-84.3140995
CT,Plainfield,41.6799374,-71.9147282
TX,Prairie Hill,30.2488239,-96.3771874
ME,Princeton,45.2246849,-67.5758786
VA,Providence Forge,37.4424264,-77.0439583
OK,Pryor,36.3084275,-95.3169136
NY,Queensbury,43.3618532,-73.6652451
VA,Quinton,37.5327893,-77.1154448
GA,Rabun Gap,34.9572143,-83.3864536
VA,Raphine,37.9373548,-79.2328102
MI,Redford,42.3833698,-83.2965971
MO,Ridgedale,36.5039535,-93.2237919
GA,Rising Fawn,34.7600791,-85.531076
TX,Roans Prairie,30.5836549,-95.943324
VA,Rockville,37.7259779,-77.6783239
VA,Rosedale,36.9592782,-81.9312351
SC,Round O,32.9371151,-80.5409352
VA,Ruther Glen,37.9408753,-77.4618647
OK,S Coffeyville,36.9945248,-95.6202552
IN,Saint Croix,38.2239531,-86.5863387
PA,Saint Thomas,39.9175908,-77.7977726
MO,Sainte Genevieve,37.9814415,-90.041779
NY,Sangerfield,42.9139589,-75.3790591
MI,Sault Sainte Marie,46.4976734,-84.3476583
MI,Sawyer,41.8853207,-86.5894666
ME,Scarborough,43.5899737,-70.3346065
MA,Seekonk,41.808434,-71.3369973
ME,Sherman,45.8727797,-68.3866057
MA,Shrewsbury,42.2960187,-71.71351
VA,Skippers,36.6118169,-77.5466463
MI,Smiths Creek,42.9139187,-82.6038085
CT,South Windsor,41.8352395,-72.5562712
ND,Sterling,46.813878,-100.2915
FL,Summerfield,29.0085924,-82.0348092
NC,Supply,34.0176717,-78.267499
MA,Sutton,42.1499283,-71.7629658
PA,Tafton,41.404534,-75.1829535
MO,Taylor,39.9381011,-91.5237663
WV,Teays,38.4417571,-81.9529125
NM,Tinnie,33.3705561,-105.2263673
KY,Tollesboro,38.5595201,-83.5760258
VA,Townsend,37.1849815,-75.958473
SC,Townville,34.5637137,-82.8984775
VA,Troy,37.9509737,-78.2463934
NC,Union Grove,36.2076375,-80.6072838
IL,Utica,41.3405897,-89.010081
MA,Uxbridge,42.0768175,-71.6298483
KY,Waddy,38.1370153,-85.0743978
TX,Wall,31.3743455,-100.30366
ME,Warren,44.12062,-69.240646
PA,Waterfall,40.1275826,-78.0627822
NH,West Chesterfield,42.9042482,-72.5156447
NY,West Coxsackie,42.3606399,-73.8167921
RI,West Greenwich,41.6226185,-71.6657892
AR,West Helena,34.5440124,-90.6426195
ME,West Paris,44.324339,-70.574112
MA,Westminster,42.5449024,-71.9107903
MD,Westover,38.1240114,-75.7063171
MA,Whately,42.4399249,-72.6349083
CT,Willington,41.8757947,-72.2642761
AZ,Willow Beach,35.8697801,-114.6600654
NC,Winnabow,34.1493374,-78.0936046
VA,Woodford,38.1131886,-77.4088708
MA,Wrentham,42.0667652,-71.3281114
PA,Wysox,41.7745124,-76.399314
FL,Youngstown,30.3643628,-85.4382568
